id,source_url,site_name,published_at,checked_at,public_access,reliability_grade,original_language,source_status,source_location,source_manufacturer,source_family,source_display_model,source_normalized_model,source_release_year,source_chip,source_variant,os_name,os_version,source_identity_certainty,displays,connection_devices,desired_configuration,symptoms,problem_type,attempted_solutions,outcome,outcome_evidence,solution_devices_or_settings,output_mode,display_mode,clamshell,target_external_display_count,actual_external_display_count,pd_charging,pd_watts,pd_conditions,official_alignment,official_source_urls,independent_case_count,independent_case_urls,missing_fields,conflict_status,review_status,review_notes,usable_for_compatibility
UQ-0006,https://meeco.kr/mini/37328357,미코,2023-07-05,2026-10-07,YES,C,ko,AVAILABLE,원글 및 2023-07-05 19:32 작성자 댓글,Samsung,Galaxy Book Ion,갤럭시북 이온2,,,,,,,PARTIAL,"[{""identity_certainty"":""UNKNOWN"",""resolution_label"":""4K"",""target_hz"":60,""actual_hz"":30,""input_ports"":[""HDMI""]}]","[{""kind"":""USB_C_HUB"",""driver_used"":""UNKNOWN"",""power_supplied"":""UNKNOWN"",""input_ports"":[""USB_C""],""output_ports"":[""HDMI""],""manufacturer"":""Baseus""},{""kind"":""CABLE"",""driver_used"":""UNKNOWN"",""power_supplied"":""UNKNOWN"",""input_ports"":[""HDMI""],""output_ports"":[""HDMI""]}]",허브를 통해 32인치 4K 모니터를 60Hz로 사용,직접 HDMI는 정상이나 Baseus 허브 HDMI 경로에서 색상이 녹색으로 틀어짐,OTHER,"[""DDU로 Intel 드라이버 정리"",""주사율을 30Hz로 변경""]",LIMITED_SUCCESS,작성자 후속댓글에서 30Hz로 낮추면 정상이라고 확인,"[""30Hz 설정""]",UNKNOWN,UNKNOWN,UNKNOWN,1,1,UNKNOWN,,,NOT_CHECKED,[],1,[],"[""source_normalized_model"",""source_release_year"",""source_chip"",""source_variant"",""os_name"",""os_version"",""displays[0].manufacturer"",""displays[0].display_model"",""displays[0].normalized_model"",""displays[0].resolution"",""displays[0].hdr"",""displays[0].identity_certainty"",""displays[0].actual_resolution"",""connection_devices[0].display_model"",""connection_devices[0].normalized_model"",""connection_devices[0].driver_used"",""connection_devices[0].power_supplied"",""connection_devices[0].notes"",""connection_devices[1].manufacturer"",""connection_devices[1].display_model"",""connection_devices[1].normalized_model"",""connection_devices[1].driver_used"",""connection_devices[1].power_supplied"",""connection_devices[1].notes"",""output_mode"",""display_mode"",""clamshell"",""pd_charging"",""pd_watts"",""pd_conditions"",""conflict_status""]",UNKNOWN,NEEDS_REVIEW,단일 작성자 자기보고. 공식 자료 대조 전. 댓글 제안과 작성자 실행·결과를 구분함.,NO
UQ-0007,https://discussionskorea.apple.com/thread/255632196,Apple 지원 커뮤니티(한국어),2024-06-01,2026-10-07,YES,C,ko,AVAILABLE,원글,Apple,MacBook Air,MacBook Air 15인치 M3,,,M3,15-inch,macOS,14.5,EXACT,"[{""identity_certainty"":""UNKNOWN""},{""identity_certainty"":""UNKNOWN""}]",[],클램쉘에서 외장 모니터 두 대를 확장 사용,집에서는 두 화면이 복제되고 설정에는 하나만 잡힘. 회사에서는 두 대 사용 가능,MULTI_DISPLAY,[],UNRESOLVED,원글의 실패 증상만 확인되며 해결 후속 확인 없음,[],UNKNOWN,MIRROR,YES,2,2,UNKNOWN,,,NOT_CHECKED,[],1,[],"[""source_normalized_model"",""source_release_year"",""displays[0].manufacturer"",""displays[0].display_model"",""displays[0].normalized_model"",""displays[0].resolution"",""displays[0].resolution_label"",""displays[0].target_hz"",""displays[0].actual_hz"",""displays[0].input_ports"",""displays[0].hdr"",""displays[0].identity_certainty"",""displays[0].actual_resolution"",""displays[1].manufacturer"",""displays[1].display_model"",""displays[1].normalized_model"",""displays[1].resolution"",""displays[1].resolution_label"",""displays[1].target_hz"",""displays[1].actual_hz"",""displays[1].input_ports"",""displays[1].hdr"",""displays[1].identity_certainty"",""displays[1].actual_resolution"",""connection_devices"",""attempted_solutions"",""solution_devices_or_settings"",""output_mode"",""pd_charging"",""pd_watts"",""pd_conditions"",""conflict_status""]",UNKNOWN,NEEDS_REVIEW,외장 두 화면에 복제 영상이 나온 수를 기록함. 독립 확장 화면 수와 같지 않음. 집·회사 연결 장치 미상. 단일 사례이며 공식 대조 전.,NO
UQ-0008,https://m.ppomppu.co.kr/new/bbs_view.php?id=computer&no=654438,뽐뿌,2022-07-31,2026-10-07,YES,C,ko,AVAILABLE,원글의 제품 링크 표기 및 2022-08-08 17:22 작성자 댓글,LG,Gram,LG 그램 17ZD990-VX5BK,,2019,,17-inch,,,EXACT,"[{""identity_certainty"":""EXACT"",""display_model"":""34UC75"",""normalized_model"":""34UC75"",""manufacturer"":""Crossover"",""resolution"":""3440x1440"",""actual_resolution"":""3440x1440"",""actual_hz"":50,""input_ports"":[""HDMI""]}]","[{""kind"":""CABLE"",""driver_used"":""UNKNOWN"",""power_supplied"":""UNKNOWN"",""input_ports"":[""HDMI""],""output_ports"":[""HDMI""],""notes"":""작성자가 HDMI 2.0 케이블로 표기. 규격 인증 미검증.""}]",34UC75 모니터를 3440x1440으로 사용,해상도 설정 문제. 55Hz에서는 깜빡임,RESOLUTION,"[""HDMI 케이블 변경"",""CRU 설정"",""55Hz 시험""]",LIMITED_SUCCESS,작성자 2022-08-08 댓글에서 3440x1440 50Hz 정상 출력과 모니터 오디오 미인식을 보고,"[""HDMI 케이블"",""CRU로 3440x1440 50Hz 설정""]",UNKNOWN,UNKNOWN,UNKNOWN,1,1,UNKNOWN,,,NOT_CHECKED,[],1,[],"[""source_normalized_model"",""source_chip"",""os_name"",""os_version"",""displays[0].resolution_label"",""displays[0].target_hz"",""displays[0].hdr"",""connection_devices[0].manufacturer"",""connection_devices[0].display_model"",""connection_devices[0].normalized_model"",""connection_devices[0].driver_used"",""connection_devices[0].power_supplied"",""output_mode"",""display_mode"",""clamshell"",""pd_charging"",""pd_watts"",""pd_conditions"",""conflict_status""]",UNKNOWN,NEEDS_REVIEW,단일 작성자 자기보고. 공식 자료 대조 전. 댓글 제안과 작성자 실행·결과를 구분함.,NO
UQ-0009,https://node-js.tistory.com/31,Tistory,2022-01-09,2026-10-07,YES,C,ko,AVAILABLE,원글,,MacBook Air,M1 MacBook Air,,,M1,,macOS,Monterey 12.1,PARTIAL,"[{""identity_certainty"":""UNKNOWN""}]",[],업데이트 후 외장 화면을 깜빡임 없이 사용,Monterey 업데이트 뒤 외장 모니터가 깜빡임,FLICKER,"[""OS 업데이트"",""케이블 교체"",""다른 모니터 시험"",""내장 화면 미러링 후 해제""]",LIMITED_SUCCESS,내장 Retina 화면 미러링 후 미러링을 해제하면 일시 해결. 재연결·재부팅 때 반복 필요,"[""미러링 후 해제 반복""]",UNKNOWN,UNKNOWN,UNKNOWN,1,1,UNKNOWN,,,NOT_CHECKED,[],1,[],"[""source_manufacturer"",""source_normalized_model"",""source_release_year"",""source_variant"",""displays[0].manufacturer"",""displays[0].display_model"",""displays[0].normalized_model"",""displays[0].resolution"",""displays[0].resolution_label"",""displays[0].target_hz"",""displays[0].actual_hz"",""displays[0].input_ports"",""displays[0].hdr"",""displays[0].identity_certainty"",""displays[0].actual_resolution"",""connection_devices"",""output_mode"",""display_mode"",""clamshell"",""pd_charging"",""pd_watts"",""pd_conditions"",""conflict_status""]",UNKNOWN,NEEDS_REVIEW,시간 순서에 따른 미러링 변경이며 동시에 혼합 출력한 것으로 해석하지 않음. 공식 대조 전 단일 사례.,NO
UQ-0010,https://jhsoso.tistory.com/10,Tistory,2025-12-30,2026-10-07,YES,C,ko,AVAILABLE,원글,,MacBook,MacBook M3 Pro,,,M3 Pro,,macOS,,PARTIAL,"[{""identity_certainty"":""EXACT"",""display_model"":""32UN650"",""normalized_model"":""32UN650"",""manufacturer"":""LG"",""input_ports"":[""HDMI""]},{""identity_certainty"":""EXACT"",""display_model"":""27UP550N"",""normalized_model"":""27UP550N"",""manufacturer"":""LG"",""input_ports"":[""USB_C""]}]","[{""kind"":""CABLE"",""driver_used"":""UNKNOWN"",""power_supplied"":""UNKNOWN"",""input_ports"":[""HDMI""],""output_ports"":[""HDMI""],""notes"":""32UN650 병렬 경로""},{""kind"":""CABLE"",""driver_used"":""UNKNOWN"",""power_supplied"":""UNKNOWN"",""input_ports"":[""USB_C""],""output_ports"":[""USB_C""],""notes"":""27UP550N 병렬 경로. 앞 케이블의 뒤에 직렬 연결한 것이 아님.""}]",HDMI와 C to C 외장 모니터를 함께 사용,C to C 화면 연결 시 HDMI 화면이 검게 됨,MULTI_DISPLAY,"[""HDMI 케이블 교체"",""재시작"",""사용자별 ByHost WindowServer 디스플레이 설정 파일 삭제 후 재시작""]",SUCCESS,작성자가 사용자별 WindowServer 디스플레이 설정 파일 삭제 후 재시작하여 두 화면 정상이라고 보고,"[""사용자별 디스플레이 설정 파일 삭제 후 재시작""]",UNKNOWN,UNKNOWN,UNKNOWN,2,2,UNKNOWN,,,NOT_CHECKED,[],1,[],"[""source_manufacturer"",""source_normalized_model"",""source_release_year"",""source_variant"",""os_version"",""displays[0].resolution"",""displays[0].resolution_label"",""displays[0].target_hz"",""displays[0].actual_hz"",""displays[0].hdr"",""displays[0].actual_resolution"",""displays[1].resolution"",""displays[1].resolution_label"",""displays[1].target_hz"",""displays[1].actual_hz"",""displays[1].hdr"",""displays[1].actual_resolution"",""connection_devices[0].manufacturer"",""connection_devices[0].display_model"",""connection_devices[0].normalized_model"",""connection_devices[0].driver_used"",""connection_devices[0].power_supplied"",""connection_devices[1].manufacturer"",""connection_devices[1].display_model"",""connection_devices[1].normalized_model"",""connection_devices[1].driver_used"",""connection_devices[1].power_supplied"",""output_mode"",""display_mode"",""clamshell"",""pd_charging"",""pd_watts"",""pd_conditions"",""conflict_status""]",UNKNOWN,NEEDS_REVIEW,AI가 제시한 원인 설명은 저장하지 않음. 작성자가 확인한 조치와 결과만 기록. 독립 사례 추가 검증·공식 대조 전.,NO
UQ-0011,https://somingoose.tistory.com/178,Tistory,2022-05-24,2026-10-07,YES,C,ko,AVAILABLE,원글,,MacBook,M1 맥북,,,M1,,,,PARTIAL,"[{""identity_certainty"":""UNKNOWN"",""input_ports"":[""HDMI""]}]","[{""kind"":""CABLE"",""driver_used"":""UNKNOWN"",""power_supplied"":""UNKNOWN"",""output_ports"":[""HDMI""],""notes"":""최종 HDMI 경로. 호스트 측 단자나 어댑터 유무 미기재. 최초 경로는 C to C.""}]",외장 모니터에서 커서와 스크롤을 멈춤 없이 사용,C to C 연결 중 커서·스크롤이 간헐적으로 멈춤,OTHER,"[""해상도 수동 조정"",""잠자기 후 깨우기"",""덮개 닫고 대기"",""케이블·포트 변경"",""HDMI 경로 변경""]",LIMITED_SUCCESS,HDMI 변경 직후 정상이라고 썼으나 다음 날 증상 재발. 빈도 감소만 보고,"[""HDMI 경로로 변경""]",UNKNOWN,UNKNOWN,UNKNOWN,1,1,UNKNOWN,,,NOT_CHECKED,[],1,[],"[""source_manufacturer"",""source_normalized_model"",""source_release_year"",""source_variant"",""os_name"",""os_version"",""displays[0].manufacturer"",""displays[0].display_model"",""displays[0].normalized_model"",""displays[0].resolution"",""displays[0].resolution_label"",""displays[0].target_hz"",""displays[0].actual_hz"",""displays[0].hdr"",""displays[0].identity_certainty"",""displays[0].actual_resolution"",""connection_devices[0].manufacturer"",""connection_devices[0].display_model"",""connection_devices[0].normalized_model"",""connection_devices[0].input_ports"",""connection_devices[0].driver_used"",""connection_devices[0].power_supplied"",""output_mode"",""display_mode"",""clamshell"",""pd_charging"",""pd_watts"",""pd_conditions"",""conflict_status""]",UNKNOWN,NEEDS_REVIEW,단일 작성자 자기보고. 공식 자료 대조 전. 댓글 제안과 작성자 실행·결과를 구분함.,NO
UQ-0012,https://sidongblog.tistory.com/783,Tistory,2021-07-06,2026-10-07,YES,C,ko,AVAILABLE,원글,,MacBook Pro,MacBook Pro Retina 15인치 2015,,2015,,Retina 15-inch,,,PARTIAL,"[{""identity_certainty"":""EXACT"",""display_model"":""32UN880"",""normalized_model"":""32UN880"",""manufacturer"":""LG"",""resolution_label"":""4K"",""target_hz"":60,""actual_hz"":60,""input_ports"":[""DISPLAYPORT""]}]","[{""kind"":""CABLE"",""driver_used"":""UNKNOWN"",""power_supplied"":""UNKNOWN"",""input_ports"":[""DISPLAYPORT""],""output_ports"":[""DISPLAYPORT""],""notes"":""호스트 단자는 mini DisplayPort. 최종 직접 경로만 배열에 기록.""}]",LG 32UN880을 4K 60Hz로 부드럽게 사용,mini DisplayPort to HDMI 경로는 출력되나 끊김. Thunderbolt 어댑터 직접 연결은 무반응,REFRESH_RATE,"[""mini DisplayPort to HDMI 시험"",""Thunderbolt 2 케이블 및 Thunderbolt 3/2 어댑터 직접 경로 시험"",""별도 전원을 공급한 CalDigit TS3 독 경로 시험에서 정상 출력"",""최종 mini DisplayPort to DisplayPort 케이블 연결""]",SUCCESS,작성자가 최종 mini DisplayPort to DisplayPort 케이블로 4K 60Hz 부드러운 출력 확인,"[""mini DisplayPort to DisplayPort 케이블""]",UNKNOWN,UNKNOWN,UNKNOWN,1,1,UNKNOWN,,,NOT_CHECKED,[],1,[],"[""source_manufacturer"",""source_normalized_model"",""source_chip"",""os_name"",""os_version"",""displays[0].resolution"",""displays[0].hdr"",""displays[0].actual_resolution"",""connection_devices[0].manufacturer"",""connection_devices[0].display_model"",""connection_devices[0].normalized_model"",""connection_devices[0].driver_used"",""connection_devices[0].power_supplied"",""output_mode"",""display_mode"",""clamshell"",""pd_charging"",""pd_watts"",""pd_conditions"",""conflict_status""]",UNKNOWN,NEEDS_REVIEW,여러 대안 중 최종 경로를 구조화함. 판매·제휴 링크가 포함된 글이나 구체적 작성자 시험만 수집하고 구매 권유·링크는 제외. 공식 대조 전 단일 사례.,NO
UQ-0013,https://pgd078.tistory.com/279,Tistory,2025-12-26,2026-10-07,YES,C,ko,AVAILABLE,원글,,,모델 미기재 노트북,,,,,,,UNKNOWN,"[{""identity_certainty"":""UNKNOWN"",""input_ports"":[""HDMI""]},{""identity_certainty"":""UNKNOWN"",""input_ports"":[""HDMI""]}]","[{""kind"":""ADAPTER"",""driver_used"":""UNKNOWN"",""power_supplied"":""UNKNOWN"",""output_ports"":[""HDMI""],""manufacturer"":""j5create"",""display_model"":""USB 3.0 to Dual HDMI Multi-Monitor Adapter"",""notes"":""제품 설명만 있고 SKU·USB 단자 형태·드라이버 미기재. DisplayLink로 추정하지 않음.""}]",노트북 화면과 외장 두 대에 서로 다른 작업 화면 표시,처음 사용한 듀얼 HDMI 장치는 외장 화면을 복제함,MULTI_DISPLAY,"[""기존 듀얼 HDMI 장치 시험"",""j5create 어댑터로 교체""]",SUCCESS,작성자가 j5create USB 3.0 to Dual HDMI 어댑터로 세 개의 독립 화면을 사용한다고 보고,"[""j5create USB 3.0 to Dual HDMI 어댑터""]",UNKNOWN,EXTEND,NO,2,2,UNKNOWN,,,NOT_CHECKED,[],1,[],"[""source_manufacturer"",""source_family"",""source_normalized_model"",""source_release_year"",""source_chip"",""source_variant"",""os_name"",""os_version"",""source_identity_certainty"",""displays[0].manufacturer"",""displays[0].display_model"",""displays[0].normalized_model"",""displays[0].resolution"",""displays[0].resolution_label"",""displays[0].target_hz"",""displays[0].actual_hz"",""displays[0].hdr"",""displays[0].identity_certainty"",""displays[0].actual_resolution"",""displays[1].manufacturer"",""displays[1].display_model"",""displays[1].normalized_model"",""displays[1].resolution"",""displays[1].resolution_label"",""displays[1].target_hz"",""displays[1].actual_hz"",""displays[1].hdr"",""displays[1].identity_certainty"",""displays[1].actual_resolution"",""connection_devices[0].normalized_model"",""connection_devices[0].input_ports"",""connection_devices[0].driver_used"",""connection_devices[0].power_supplied"",""output_mode"",""pd_charging"",""pd_watts"",""pd_conditions"",""conflict_status""]",UNKNOWN,NEEDS_REVIEW,단일 작성자 자기보고. 공식 자료 대조 전. 댓글 제안과 작성자 실행·결과를 구분함.,NO
UQ-0014,https://discussionskorea.apple.com/thread/254154256,Apple 지원 커뮤니티(한국어),2022-08-31,2026-10-07,YES,C,ko,AVAILABLE,원글,,MacBook Pro,MacBook Pro M1 Pro,,,M1 Pro,,macOS,Monterey 12.5.1,PARTIAL,"[{""identity_certainty"":""EXACT"",""display_model"":""TFX32U06B"",""normalized_model"":""TFX32U06B"",""manufacturer"":""한성"",""input_ports"":[""HDMI""]}]","[{""kind"":""CABLE"",""driver_used"":""UNKNOWN"",""power_supplied"":""UNKNOWN"",""input_ports"":[""HDMI""],""output_ports"":[""HDMI""],""notes"":""HDMI 연결 표기. 중간 장치 유무는 명시되지 않음.""}]",외장 모니터를 깜빡임 없이 사용,업데이트 뒤 HDMI 외장 모니터가 반복적으로 깜빡이고 꺼짐,FLICKER,[],UNRESOLVED,원글의 지속 증상만 확인. 답변의 일반 점검 제안에 대한 작성자 결과 없음,[],UNKNOWN,UNKNOWN,UNKNOWN,1,,UNKNOWN,,,NOT_CHECKED,[],1,[],"[""source_manufacturer"",""source_normalized_model"",""source_release_year"",""source_variant"",""displays[0].resolution"",""displays[0].resolution_label"",""displays[0].target_hz"",""displays[0].actual_hz"",""displays[0].hdr"",""displays[0].actual_resolution"",""connection_devices[0].manufacturer"",""connection_devices[0].display_model"",""connection_devices[0].normalized_model"",""connection_devices[0].driver_used"",""connection_devices[0].power_supplied"",""attempted_solutions"",""solution_devices_or_settings"",""output_mode"",""display_mode"",""clamshell"",""actual_external_display_count"",""pd_charging"",""pd_watts"",""pd_conditions"",""conflict_status""]",UNKNOWN,NEEDS_REVIEW,단일 작성자 자기보고. 공식 자료 대조 전. 댓글 제안과 작성자 실행·결과를 구분함.,NO
UQ-0015,https://discussionskorea.apple.com/thread/120038536,Apple 지원 커뮤니티(한국어),2018-07-27,2026-10-07,YES,C,ko,AVAILABLE,원글,,MacBook Pro,MacBook Pro 13인치 2017 Thunderbolt 3 포트 2개,,2017,,"13-inch, Two Thunderbolt 3 ports",macOS,High Sierra 10.13.6,EXACT,"[{""identity_certainty"":""EXACT"",""display_model"":""U2415"",""normalized_model"":""U2415"",""manufacturer"":""Dell"",""input_ports"":[""HDMI""]}]","[{""kind"":""ADAPTER"",""driver_used"":""UNKNOWN"",""power_supplied"":""UNKNOWN"",""input_ports"":[""USB_C""],""output_ports"":[""HDMI""]},{""kind"":""CABLE"",""driver_used"":""UNKNOWN"",""power_supplied"":""UNKNOWN"",""input_ports"":[""HDMI""],""output_ports"":[""HDMI""]}]",Dell U2415에 화면 출력,설정에서 모니터가 인식되나 실제 화면은 검음,NO_SIGNAL,"[""모니터 HDMI 입력 선택 확인""]",UNRESOLVED,입력 선택을 확인했으나 해결 확인 댓글 없음,[],UNKNOWN,UNKNOWN,UNKNOWN,1,0,UNKNOWN,,,NOT_CHECKED,[],1,[],"[""source_manufacturer"",""source_normalized_model"",""source_chip"",""displays[0].resolution"",""displays[0].resolution_label"",""displays[0].target_hz"",""displays[0].actual_hz"",""displays[0].hdr"",""displays[0].actual_resolution"",""connection_devices[0].manufacturer"",""connection_devices[0].display_model"",""connection_devices[0].normalized_model"",""connection_devices[0].driver_used"",""connection_devices[0].power_supplied"",""connection_devices[0].notes"",""connection_devices[1].manufacturer"",""connection_devices[1].display_model"",""connection_devices[1].normalized_model"",""connection_devices[1].driver_used"",""connection_devices[1].power_supplied"",""connection_devices[1].notes"",""solution_devices_or_settings"",""output_mode"",""display_mode"",""clamshell"",""pd_charging"",""pd_watts"",""pd_conditions"",""conflict_status""]",UNKNOWN,NEEDS_REVIEW,단일 작성자 자기보고. 공식 자료 대조 전. 댓글 제안과 작성자 실행·결과를 구분함.,NO
UQ-0016,https://discussionskorea.apple.com/thread/255740759,Apple 지원 커뮤니티(한국어),2024-09-01,2026-10-07,YES,C,ko,AVAILABLE,원글,,MacBook Pro,MacBook Pro 14인치 M3 Pro,,,M3 Pro,14-inch,macOS,Sonoma 14.6.1,EXACT,"[{""identity_certainty"":""UNKNOWN"",""manufacturer"":""LG"",""resolution_label"":""4K""}]",[],클램쉘 외장 화면 사용 후 내장 화면의 기존 배율 유지,덮개를 열면 내장 메뉴가 작아지고 해상도 표시 방식도 달라짐,RESOLUTION,[],UNRESOLVED,재부팅 필요 여부를 질문하며 확인된 최종 해결 결과 없음,[],UNKNOWN,UNKNOWN,YES,1,1,UNKNOWN,,,NOT_CHECKED,[],1,[],"[""source_manufacturer"",""source_normalized_model"",""source_release_year"",""displays[0].display_model"",""displays[0].normalized_model"",""displays[0].resolution"",""displays[0].target_hz"",""displays[0].actual_hz"",""displays[0].input_ports"",""displays[0].hdr"",""displays[0].identity_certainty"",""displays[0].actual_resolution"",""connection_devices"",""attempted_solutions"",""solution_devices_or_settings"",""output_mode"",""display_mode"",""pd_charging"",""pd_watts"",""pd_conditions"",""conflict_status""]",UNKNOWN,NEEDS_REVIEW,주요 증상은 외장 화면 사용 후 내장 화면 배율. 외장 디스플레이 해상도 필드에 내장 증상을 넣지 않음. LG 4K는 제품 식별 불가. 공식 대조 전.,NO
UQ-0017,https://discussionskorea.apple.com/thread/256235569,Apple 지원 커뮤니티(한국어),2026-02-01,2026-10-07,YES,C,ko,AVAILABLE,원글 및 2026-02-01 13:22 작성자 해결 댓글,,MacBook Pro,MacBook Pro 16인치 M1 Pro,,,M1 Pro,16-inch,macOS,Sequoia 15.7.3,EXACT,[],"[{""kind"":""CABLE"",""driver_used"":""UNKNOWN"",""power_supplied"":""UNKNOWN"",""input_ports"":[""HDMI""],""output_ports"":[""HDMI""]}]",듀얼 모니터를 현재 사용자 계정에서 사용,한 사용자 계정에서 화면 출력 문제. 다른 계정은 정상,MULTI_DISPLAY,"[""HDMI 재연결"",""재부팅"",""전원 재연결"",""디스플레이 감지 재시도""]",SUCCESS,재연결·재부팅 등은 실패했으나 답변 이후 작성자가 해결됐다고 확인. 실행한 세부 단계는 미상,"[""답변 후 해결 확인. 구체적 실행 단계 미상""]",UNKNOWN,UNKNOWN,UNKNOWN,,,UNKNOWN,,,NOT_CHECKED,[],1,[],"[""source_manufacturer"",""source_normalized_model"",""source_release_year"",""displays"",""connection_devices[0].manufacturer"",""connection_devices[0].display_model"",""connection_devices[0].normalized_model"",""connection_devices[0].driver_used"",""connection_devices[0].power_supplied"",""connection_devices[0].notes"",""output_mode"",""display_mode"",""clamshell"",""target_external_display_count"",""actual_external_display_count"",""pd_charging"",""pd_watts"",""pd_conditions"",""conflict_status""]",UNKNOWN,NEEDS_REVIEW,답변의 설정 파일 삭제·재시작 제안 전체를 실행했다고 추정하지 않음. 듀얼이 외장 두 대인지 내장 포함인지 불명확하여 대수와 디스플레이 배열 비움. 공식 대조 전.,NO
UQ-0018,https://macblogger.tistory.com/entry/%EB%85%B8%ED%8A%B8%EB%B6%81-%EC%99%B8%EB%B6%80-%EB%AA%A8%EB%8B%88%ED%84%B0-%EC%9D%B8%EC%8B%9D%EB%B6%88%EA%B0%80-%ED%95%B4%EA%B2%B0%EB%B0%A9%EB%B2%95,Tistory,2022-02-24,2026-10-07,YES,C,ko,AVAILABLE,원글,Gigabyte,Aero,Gigabyte Aero 15 WA,,,,,Windows,11,EXACT,"[{""identity_certainty"":""EXACT"",""display_model"":""U2913WM"",""normalized_model"":""U2913WM"",""manufacturer"":""Dell"",""resolution"":""2560x1080"",""resolution_label"":""WFHD"",""input_ports"":[""DISPLAYPORT""]}]","[{""kind"":""CABLE"",""driver_used"":""UNKNOWN"",""power_supplied"":""UNKNOWN"",""output_ports"":[""DISPLAYPORT""],""notes"":""작성자는 호스트 포트를 Thunderbolt 3(DP3.1)로 혼용 표기. 규격·단자 정규화와 최종 경로 일부 미확정.""}]",Dell U2913WM을 2560x1080으로 사용,HDMI 연결에서 일반 모니터로 인식되고 목표 해상도는 검게 됨,RESOLUTION,"[""HDMI 케이블 변경"",""모니터 제거·전원 분리"",""모니터 INF 수동 설치"",""사용자 해상도 설정"",""DDU 및 드라이버 변경"",""시스템 복원"",""Windows 11 새 설치"",""DP 케이블 시험""]",SUCCESS,작성자가 최종 DP 케이블 시험에 성공하여 해당 모니터로 글을 작성한다고 보고. 최종 픽셀 수는 별도 확인되지 않음,"[""DP 케이블 경로""]",UNKNOWN,UNKNOWN,UNKNOWN,1,1,UNKNOWN,,,NOT_CHECKED,[],1,[],"[""source_normalized_model"",""source_release_year"",""source_chip"",""source_variant"",""displays[0].target_hz"",""displays[0].actual_hz"",""displays[0].hdr"",""displays[0].actual_resolution"",""connection_devices[0].manufacturer"",""connection_devices[0].display_model"",""connection_devices[0].normalized_model"",""connection_devices[0].input_ports"",""connection_devices[0].driver_used"",""connection_devices[0].power_supplied"",""output_mode"",""display_mode"",""clamshell"",""pd_charging"",""pd_watts"",""pd_conditions"",""conflict_status""]",UNKNOWN,NEEDS_REVIEW,단일 작성자 자기보고. 공식 자료 대조 전. 댓글 제안과 작성자 실행·결과를 구분함.,NO
UQ-0019,https://m.ppomppu.co.kr/new/bbs_view.php?id=computer&no=637640,뽐뿌,2021-10-17,2026-10-07,YES,C,ko,AVAILABLE,원글 및 2021-10-17 16:18 작성자 댓글,,조립 데스크톱,"조립 PC (i5-6500, ASRock B150M Pro4)",,,Intel Core i5-6500,,Windows,,PARTIAL,"[{""identity_certainty"":""EXACT"",""display_model"":""u2777m"",""normalized_model"":""u2777m"",""manufacturer"":""AOC"",""resolution_label"":""1080"",""input_ports"":[""HDMI""]}]","[{""kind"":""CABLE"",""driver_used"":""UNKNOWN"",""power_supplied"":""UNKNOWN"",""input_ports"":[""HDMI""],""output_ports"":[""HDMI""]}]",모니터를 1080보다 높은 해상도로 사용,HDMI 연결에서 1080 이상 설정이 보이지 않음,RESOLUTION,"[""드라이버 제거·재설치"",""Windows 업데이트""]",UNRESOLVED,작성자 후속댓글에서도 1080 상태. 재시도·그래픽카드 구매는 계획일 뿐 결과 없음,[],UNKNOWN,UNKNOWN,UNKNOWN,1,,UNKNOWN,,,NOT_CHECKED,[],1,[],"[""source_manufacturer"",""source_normalized_model"",""source_release_year"",""source_variant"",""os_version"",""displays[0].resolution"",""displays[0].target_hz"",""displays[0].actual_hz"",""displays[0].hdr"",""displays[0].actual_resolution"",""connection_devices[0].manufacturer"",""connection_devices[0].display_model"",""connection_devices[0].normalized_model"",""connection_devices[0].driver_used"",""connection_devices[0].power_supplied"",""connection_devices[0].notes"",""solution_devices_or_settings"",""output_mode"",""display_mode"",""clamshell"",""actual_external_display_count"",""pd_charging"",""pd_watts"",""pd_conditions"",""conflict_status""]",UNKNOWN,NEEDS_REVIEW,과거 해상도 기억의 2556x1440 표기는 정확성 미확인으로 목표 픽셀 필드에 넣지 않음. 댓글의 포트 사양 주장을 사실로 저장하지 않음. 공식 대조 전.,NO
UQ-0020,https://www.ppomppu.co.kr/zboard/view.php?id=computer&no=646452,뽐뿌,2022-02-24,2026-10-07,YES,C,ko,AVAILABLE,원글,,,구형 데스크톱,,,,,,,UNKNOWN,"[{""identity_certainty"":""EXACT"",""display_model"":""16MQ70"",""normalized_model"":""16MQ70"",""input_ports"":[""USB_C""]}]","[{""kind"":""CABLE"",""driver_used"":""UNKNOWN"",""power_supplied"":""UNKNOWN"",""input_ports"":[""HDMI""],""output_ports"":[""USB_C""],""notes"":""원문에서는 C to HDMI 케이블로 부름. 실제 시도는 데스크톱 HDMI에서 모니터 C 방향. 변환 기능·방향 지원 미검증.""}]",데스크톱 HDMI 출력으로 그램 플러스뷰 사용,HDMI to C 케이블과 추가 C to C 전원 시도에도 화면이 나오지 않음,NO_SIGNAL,"[""C to HDMI 케이블 연결"",""모니터 다른 C 포트에 C to C 전원 추가"",""다른 삼성 노트북의 Thunderbolt 연결 시험""]",UNRESOLVED,다른 삼성 노트북 Thunderbolt에서는 출력됨. 데스크톱 해결 확인 없음,[],UNKNOWN,UNKNOWN,UNKNOWN,1,0,UNKNOWN,,,NOT_CHECKED,[],1,[],"[""source_manufacturer"",""source_family"",""source_normalized_model"",""source_release_year"",""source_chip"",""source_variant"",""os_name"",""os_version"",""source_identity_certainty"",""displays[0].manufacturer"",""displays[0].resolution"",""displays[0].resolution_label"",""displays[0].target_hz"",""displays[0].actual_hz"",""displays[0].hdr"",""displays[0].actual_resolution"",""connection_devices[0].manufacturer"",""connection_devices[0].display_model"",""connection_devices[0].normalized_model"",""connection_devices[0].driver_used"",""connection_devices[0].power_supplied"",""solution_devices_or_settings"",""output_mode"",""display_mode"",""clamshell"",""pd_charging"",""pd_watts"",""pd_conditions"",""conflict_status""]",UNKNOWN,NEEDS_REVIEW,비교 노트북은 모델 미상으로 별도 사례로 만들지 않음. 모니터 전원 공급을 소스 기기 PD 충전으로 기록하지 않음. 공식 대조 전.,NO
UQ-0021,https://www.ppomppu.co.kr/zboard/view.php?id=computer&no=693122,뽐뿌,2024-12-07,2026-10-07,YES,C,ko,AVAILABLE,원글 및 2024-12-07·12-08 작성자 댓글,,Mac mini,Mac mini M4 기본형,,,M4,기본형,,,EXACT,"[{""identity_certainty"":""EXACT"",""display_model"":""OMEN 32q"",""normalized_model"":""OMEN 32q"",""manufacturer"":""HP"",""target_hz"":60,""actual_hz"":144,""input_ports"":[""HDMI""],""resolution_label"":""2580x1440(원문 표기; 정확성 미확인)""}]","[{""kind"":""CABLE"",""driver_used"":""UNKNOWN"",""power_supplied"":""UNKNOWN"",""input_ports"":[""HDMI""],""output_ports"":[""HDMI""],""notes"":""최종 모니터 동봉 케이블. 규격 미상.""}]",HP OMEN 32q를 직접 HDMI로 60Hz 이상 사용,직접 HDMI에서 검은 화면. 허브 또는 다른 휴대용 화면이 함께 있을 때만 일부 주사율 출력,NO_SIGNAL,"[""허브 HDMI 경로 시험"",""다른 휴대용 화면 동시 연결"",""주사율 변경"",""HDMI 케이블 변경""]",SUCCESS,작성자 12월 7일 댓글에서 케이블 변경 후 144Hz 정상. 12월 8일 모니터 동봉 HDMI 케이블이라고 추가 확인,"[""모니터 동봉 HDMI 케이블로 변경""]",UNKNOWN,UNKNOWN,UNKNOWN,1,1,UNKNOWN,,,NOT_CHECKED,[],1,[],"[""source_manufacturer"",""source_normalized_model"",""source_release_year"",""os_name"",""os_version"",""displays[0].resolution"",""displays[0].hdr"",""displays[0].actual_resolution"",""connection_devices[0].manufacturer"",""connection_devices[0].display_model"",""connection_devices[0].normalized_model"",""connection_devices[0].driver_used"",""connection_devices[0].power_supplied"",""output_mode"",""display_mode"",""clamshell"",""pd_charging"",""pd_watts"",""pd_conditions"",""conflict_status""]",UNKNOWN,NEEDS_REVIEW,2580x1440을 2560x1440으로 자동 수정하지 않음. 케이블 교체 후 결과만 기록하며 실패 원인은 확정하지 않음. 공식 대조 전.,NO
UQ-0022,https://meeco.kr/Review/37397129,미코,2023-07-23,2026-10-07,YES,C,ko,AVAILABLE,원글 중 Surface Go 1세대 시험 절,Microsoft,Surface Go,Surface Go 1세대,,,,,Windows,,PARTIAL,"[{""identity_certainty"":""EXACT"",""display_model"":""ProDisplay P221"",""normalized_model"":""ProDisplay P221"",""manufacturer"":""HP"",""resolution_label"":""FHD"",""input_ports"":[""VGA""]},{""identity_certainty"":""EXACT"",""display_model"":""Newsync B274K"",""normalized_model"":""Newsync B274K"",""manufacturer"":""BitM"",""resolution_label"":""4K 목표, 최종 FHD"",""input_ports"":[""DISPLAYPORT""]}]","[{""kind"":""USB_C_HUB"",""driver_used"":""UNKNOWN"",""power_supplied"":""YES"",""input_ports"":[""USB_C""],""output_ports"":[""HDMI"",""DISPLAYPORT""],""display_model"":""MH610"",""normalized_model"":""MH610"",""notes"":""공통 시험 구성에 45W 충전기. 실제 소스 기기 충전 관측 미상. 두 출력 분기.""},{""kind"":""ADAPTER"",""driver_used"":""UNKNOWN"",""power_supplied"":""UNKNOWN"",""input_ports"":[""HDMI""],""output_ports"":[""VGA""],""notes"":""P221 분기. 뒤 DP 케이블과 직렬 연결 아님.""},{""kind"":""CABLE"",""driver_used"":""UNKNOWN"",""power_supplied"":""UNKNOWN"",""input_ports"":[""DISPLAYPORT""],""output_ports"":[""DISPLAYPORT""],""notes"":""B274K 분기""}]",MH610 허브독으로 4K 화면과 FHD 화면 함께 사용,4K 한 대는 30Hz. FHD 화면 추가 시 4K 유지 불가,RESOLUTION,[],LIMITED_SUCCESS,작성자 Surface Go 시험에서 FHD 두 화면은 사용 가능하다고 보고,[],UNKNOWN,UNKNOWN,UNKNOWN,2,2,UNKNOWN,,공통 시험 구성에 45W 충전기 기재. 실제 이 호스트 PD 전력과 충전 여부는 미상.,NOT_CHECKED,[],1,[],"[""source_normalized_model"",""source_release_year"",""source_chip"",""source_variant"",""os_version"",""displays[0].resolution"",""displays[0].target_hz"",""displays[0].actual_hz"",""displays[0].hdr"",""displays[0].actual_resolution"",""displays[1].resolution"",""displays[1].target_hz"",""displays[1].actual_hz"",""displays[1].hdr"",""displays[1].actual_resolution"",""connection_devices[0].manufacturer"",""connection_devices[0].driver_used"",""connection_devices[1].manufacturer"",""connection_devices[1].display_model"",""connection_devices[1].normalized_model"",""connection_devices[1].driver_used"",""connection_devices[1].power_supplied"",""connection_devices[2].manufacturer"",""connection_devices[2].display_model"",""connection_devices[2].normalized_model"",""connection_devices[2].driver_used"",""connection_devices[2].power_supplied"",""attempted_solutions"",""solution_devices_or_settings"",""output_mode"",""display_mode"",""clamshell"",""pd_charging"",""pd_watts"",""conflict_status""]",UNKNOWN,NEEDS_REVIEW,2in1 PC 시험 하나만 수집. 같은 글의 게임기·다른 호스트 시험 제외. 일반 MST·대역폭 설명은 검증 사실로 저장하지 않음. 공식 대조 전.,NO
UQ-0023,https://meeco.kr/mini/32113967,미코,2021-05-15,2026-10-07,YES,C,ko,AVAILABLE,원글 및 2021-05-16 작성자 댓글,Samsung,Galaxy Book Ion,갤럭시북 이온 i5,,,10세대 Intel Core i5 (하위 모델 미상),,,,PARTIAL,"[{""identity_certainty"":""UNKNOWN"",""resolution_label"":""4K"",""target_hz"":60,""actual_hz"":60,""input_ports"":[""DISPLAYPORT""],""hdr"":""NO""}]","[{""kind"":""CABLE"",""driver_used"":""UNKNOWN"",""power_supplied"":""UNKNOWN"",""input_ports"":[""USB_C""],""output_ports"":[""DISPLAYPORT""],""notes"":""작성자가 Thunderbolt 포트에 C to DP 케이블로 연결했다고 명시.""}]",4K 60Hz 외장 모니터에서 4K 영상을 원활하게 재생,바탕화면 출력은 정상이나 YouTube 4K 영상이 끊김,HDR,"[""HDR 해제""]",LIMITED_SUCCESS,작성자 5월 16일 댓글에서 HDR 해제 후 정상 확인. HDR 사용 희망은 남음,"[""HDR 끔""]",UNKNOWN,UNKNOWN,UNKNOWN,1,1,UNKNOWN,,,NOT_CHECKED,[],1,[],"[""source_normalized_model"",""source_release_year"",""source_variant"",""os_name"",""os_version"",""displays[0].manufacturer"",""displays[0].display_model"",""displays[0].normalized_model"",""displays[0].resolution"",""displays[0].identity_certainty"",""displays[0].actual_resolution"",""connection_devices[0].manufacturer"",""connection_devices[0].display_model"",""connection_devices[0].normalized_model"",""connection_devices[0].driver_used"",""connection_devices[0].power_supplied"",""output_mode"",""display_mode"",""clamshell"",""pd_charging"",""pd_watts"",""pd_conditions"",""conflict_status""]",UNKNOWN,NEEDS_REVIEW,단일 작성자 자기보고. 공식 자료 대조 전. 댓글 제안과 작성자 실행·결과를 구분함.,NO
UQ-0024,https://m.ppomppu.co.kr/new/bbs_view.php?id=computer&no=697599,뽐뿌,2025-05-18,2026-10-07,YES,C,ko,AVAILABLE,원글 및 2025-05-19 작성자 Windows 업데이트 언급,,미니 PC,SER8 미니 PC,,,,,Windows,,PARTIAL,"[{""identity_certainty"":""UNKNOWN"",""input_ports"":[""USB_C""]}]","[{""kind"":""CABLE"",""driver_used"":""UNKNOWN"",""power_supplied"":""UNKNOWN"",""input_ports"":[""USB_C""],""output_ports"":[""USB_C""],""notes"":""별도 모니터 전원 연결 없이 한 케이블 시험. 소스 PC PD 충전 관측과 다름.""}]",C to C 한 케이블로 휴대용 모니터 사용,모니터 그림 표시 C 포트는 무반응이고 번개 표시 C 포트는 정상,NO_SIGNAL,[],LIMITED_SUCCESS,원글에서 다른 포트 정상 출력 확인. 원하는 포트의 해결은 미확인,[],UNKNOWN,UNKNOWN,UNKNOWN,1,1,UNKNOWN,,,NOT_CHECKED,[],1,[],"[""source_manufacturer"",""source_normalized_model"",""source_release_year"",""source_chip"",""source_variant"",""os_version"",""displays[0].manufacturer"",""displays[0].display_model"",""displays[0].normalized_model"",""displays[0].resolution"",""displays[0].resolution_label"",""displays[0].target_hz"",""displays[0].actual_hz"",""displays[0].hdr"",""displays[0].identity_certainty"",""displays[0].actual_resolution"",""connection_devices[0].manufacturer"",""connection_devices[0].display_model"",""connection_devices[0].normalized_model"",""connection_devices[0].driver_used"",""connection_devices[0].power_supplied"",""attempted_solutions"",""solution_devices_or_settings"",""output_mode"",""display_mode"",""clamshell"",""pd_charging"",""pd_watts"",""pd_conditions"",""conflict_status""]",UNKNOWN,NEEDS_REVIEW,제조사와 포트 프로토콜은 추정하지 않음. 댓글의 DP Alt Mode·PD 설명은 공식 대조 전 주장으로도 데이터 사양에 넣지 않음.,NO
UQ-0025,https://m.ppomppu.co.kr/new/bbs_view.php?id=computer&no=695639,뽐뿌,2025-03-01,2026-10-07,YES,C,ko,AVAILABLE,원글·첨부 포트 안내 이미지 및 작성자 후속댓글,,LEGION,LEGION 노트북,,,,,,,PARTIAL,"[{""identity_certainty"":""UNKNOWN""},{""identity_certainty"":""UNKNOWN""}]",[],노트북 화면과 외장 두 대를 깔끔하게 연결. HDMI 및 C to DP 또는 USB-C 허브 구매 검토,현재 외장 한 대 사용. 두 대 연결 방법과 허브 충전 조건을 질문,MULTI_DISPLAY,[],UNKNOWN,구매 전 질문과 감사 댓글만 있으며 제안된 구성의 실제 시험 결과 없음,[],UNKNOWN,UNKNOWN,NO,2,1,UNKNOWN,,허브를 통한 충전 조건 질문. 실제 충전 결과 없음.,NOT_CHECKED,[],1,[],"[""source_manufacturer"",""source_normalized_model"",""source_release_year"",""source_chip"",""source_variant"",""os_name"",""os_version"",""displays[0].manufacturer"",""displays[0].display_model"",""displays[0].normalized_model"",""displays[0].resolution"",""displays[0].resolution_label"",""displays[0].target_hz"",""displays[0].actual_hz"",""displays[0].input_ports"",""displays[0].hdr"",""displays[0].identity_certainty"",""displays[0].actual_resolution"",""displays[1].manufacturer"",""displays[1].display_model"",""displays[1].normalized_model"",""displays[1].resolution"",""displays[1].resolution_label"",""displays[1].target_hz"",""displays[1].actual_hz"",""displays[1].input_ports"",""displays[1].hdr"",""displays[1].identity_certainty"",""displays[1].actual_resolution"",""connection_devices"",""attempted_solutions"",""outcome"",""solution_devices_or_settings"",""output_mode"",""display_mode"",""pd_charging"",""pd_watts"",""conflict_status""]",UNKNOWN,NEEDS_REVIEW,이미지에서 LEGION 표기만 식별. 정확한 SKU 미상. 제안된 MOKiN 등 허브를 사용 장치로 기록하지 않음. 이미지의 포트 사양은 공식 검증값으로 저장하지 않음.,NO
